{"cameraMode":{"drawMode":0,"name":"Shaded","section":"Shading Mode"},"sceneLighting":true,"audioPlay":false,"sceneViewState":{"m_AlwaysRefresh":false,"showFog":true,"showSkybox":true,"showFlares":true,"showImageEffects":true,"showParticleSystems":true,"showVisualEffectGraphs":true,"m_FxEnabled":true},"in2DMode":false,"pivot":{"x":513.326904296875,"y":496.30230712890627,"z":-164.46734619140626},"rotation":{"x":0.08300396054983139,"y":0.011551866307854653,"z":-0.0015507173957303167,"w":0.9966333508491516},"size":780.4071655273438,"orthographic":true}